Normal,Student,Plackett,Clayton,Frank,Gumbel
-1.19452921,-1.177563904,-1.085677705,-1.226964296,-1.136899942,-1.123391885
-1.264686845,-1.374446543,-1.216966189,-1.310906311,-1.374781591,-1.211020689
-1.141558746,-1.212097974,-1.08958077,-1.30925935,-1.170710396,-1.102588215
-1.079471054,-0.888826469,-0.933069531,-1.042053274,-0.945297715,-0.925494321
-0.934558252,-0.922529421,-0.943661435,-1.044020447,-0.96802688,-0.89407921
-0.761529119,-0.803940545,-0.752683524,-0.880262029,-0.77611802,-0.770137198
-0.778090615,-0.700495151,-0.651416858,-0.739866523,-0.731297551,-0.666260169
-0.686092764,-0.559752415,-0.617975087,-0.67036708,-0.628031242,-0.601761588
-0.666340751,-0.763232398,-0.718005832,-0.781149705,-0.723285597,-0.773659234
-0.417120367,-0.462410014,-0.423161223,-0.406962443,-0.451247812,-0.401312554
-0.392694045,-0.401114534,-0.328532319,-0.429832002,-0.405411365,-0.433879374
-0.228876571,-0.279344248,-0.302791952,-0.308076673,-0.237762553,-0.218163654
-0.193865184,-0.230541777,-0.224313691,-0.289468526,-0.143856476,-0.233491599
-0.154996829,-0.116647577,-0.109757358,-0.179375603,-0.087756297,-0.087431266
-0.051096518,-0.065651326,-0.091864956,-0.141326873,-0.032290109,-0.026668292
-0.867177612,-0.904240904,-0.901829784,-0.96372518,-0.857909699,-0.837445307
-0.997011471,-1.04353688,-1.070405478,-1.074408928,-1.061759788,-1.0199481
-0.987938418,-0.947743812,-0.909524862,-0.903922652,-0.851788248,-0.863354072
-0.781615687,-0.817860541,-0.711536169,-0.801544576,-0.716621165,-0.76379968
-0.794843839,-0.783918655,-0.805551685,-0.961808744,-0.773184702,-0.876066872
-0.733977352,-0.77438676,-0.781193668,-0.906531952,-0.71114661,-0.800312708
-0.700656383,-0.638055791,-0.674410773,-0.676984728,-0.670228943,-0.581436642
-0.780340396,-0.728619628,-0.796765788,-0.68253469,-0.665987636,-0.620288513
-0.633110354,-0.582065978,-0.59107636,-0.623790848,-0.636021139,-0.588978602
-0.576441498,-0.513905461,-0.494719027,-0.702564201,-0.528154093,-0.508857335
-0.62012732,-0.631374577,-0.576539265,-0.739523634,-0.498917493,-0.528834598
-0.584945027,-0.589465034,-0.540561154,-0.631334194,-0.589393665,-0.52450899
-0.460722752,-0.53119648,-0.391633955,-0.539897434,-0.458114558,-0.471068999
-0.415400304,-0.367051255,-0.452589369,-0.414096874,-0.371968231,-0.326240725
-0.39400237,-0.438695291,-0.331133247,-0.410442084,-0.328444809,-0.276304768
-0.29669211,-0.318655424,-0.272586511,-0.352254423,-0.334034084,-0.239503808
-0.202407021,-0.30299188,-0.231219073,-0.275885016,-0.243945811,-0.246027896
-0.250640209,-0.203688977,-0.166485229,-0.240633542,-0.197950256,-0.121090475
-0.151160809,-0.154675257,-0.139606303,-0.127505491,-0.12337551,-0.053597101
-0.109340322,-0.065730827,-0.117034712,-0.227933675,-0.091900459,-0.08120862
-0.226606686,-0.249164068,-0.196616181,-0.333881621,-0.252926026,-0.146885769
-0.158620397,-0.168830992,-0.167787192,-0.150641912,-0.178116785,-0.143333369
-0.142839557,-0.149427254,-0.094858028,-0.147133249,-0.095300861,-0.051978777
-0.630822856,-0.623808959,-0.547903729,-0.704377681,-0.631844718,-0.513064026
-0.461879159,-0.450775681,-0.403861817,-0.547513408,-0.440494072,-0.458592945
-0.332357355,-0.357537543,-0.370259305,-0.391060275,-0.3283661,-0.37713976
-0.351224254,-0.355619993,-0.309862149,-0.381851009,-0.329303821,-0.330740496
-0.214618228,-0.331763536,-0.289806609,-0.375357778,-0.266824576,-0.27695142
-0.77300652,-0.702070253,-0.70626389,-0.732872173,-0.577835629,-0.613421046
-0.524058873,-0.590405173,-0.507536682,-0.624610271,-0.525524452,-0.57441997
-0.568464608,-0.599867842,-0.632350886,-0.599935125,-0.624058579,-0.581051246
-0.697596372,-0.716521381,-0.623830361,-0.694114969,-0.678382478,-0.645108339
-0.602214748,-0.589195644,-0.639818011,-0.623103788,-0.552271136,-0.506195225
-0.416764113,-0.467757253,-0.441125439,-0.500811107,-0.45574219,-0.412872248
-0.465515995,-0.435627396,-0.352843035,-0.487920278,-0.324569917,-0.345109743
-0.286299811,-0.406701577,-0.251273122,-0.344076668,-0.321706745,-0.282519688
-0.337365316,-0.288893168,-0.262953774,-0.324951311,-0.215896529,-0.22555714
-0.450180789,-0.462378933,-0.501433269,-0.514556142,-0.529184566,-0.403605952
-0.425970745,-0.433956578,-0.514378759,-0.539687996,-0.559486524,-0.46107526
-0.408521583,-0.484555358,-0.435710567,-0.403638743,-0.407285634,-0.383487645
-0.382472627,-0.451412553,-0.35585999,-0.439358728,-0.384196002,-0.403674312
-0.391102255,-0.276737495,-0.280307081,-0.478954799,-0.338142495,-0.321772976
-0.404854754,-0.348301228,-0.267557655,-0.381533932,-0.233686712,-0.254820681
-0.183543359,-0.237173304,-0.20644406,-0.272838042,-0.221538272,-0.196044015
-0.835927565,-0.775102883,-0.877590481,-0.793846748,-0.795842378,-0.804523182
-1.283529988,-1.335859025,-1.224506666,-1.308168848,-1.218215418,-1.116369141
-1.137973142,-1.161757197,-1.23064592,-1.227562349,-1.077929144,-1.155715306
-1.063977924,-1.015413024,-1.017589971,-1.155023258,-1.063372978,-0.932155748
-0.990615923,-0.997796686,-0.963511089,-1.044239472,-1.022171935,-0.941058931
-0.823553843,-0.910904999,-0.893334061,-0.918531934,-0.857288225,-0.805651191
-0.833383958,-0.806139507,-0.753345317,-0.772952322,-0.725854626,-0.655680279
-0.920530364,-0.88400386,-0.78830241,-0.966152677,-0.851532625,-0.806956387
-1.858288171,-1.767458362,-1.691824955,-1.828018592,-1.751476735,-1.733735955
-1.644024422,-1.730924837,-1.665602686,-1.827007408,-1.650541186,-1.546718665
-1.437964616,-1.420669464,-1.368910584,-1.449238258,-1.301987806,-1.367641061
-1.522448824,-1.538438387,-1.535028482,-1.508514465,-1.591173164,-1.51927041
-1.723455143,-1.78754911,-1.731575075,-1.829246733,-1.739832083,-1.662033137
-1.637108006,-1.704900687,-1.610580978,-1.693034623,-1.536021788,-1.565842996
-2.665498457,-2.502754482,-2.551942989,-2.578058205,-2.552128513,-2.450707065
-2.237426771,-2.417377101,-2.279536594,-2.294104409,-2.224317957,-2.215225279
-2.088740007,-2.023602352,-1.956725451,-2.076318377,-2.054792822,-1.929530013
-2.130638943,-2.093706226,-2.036540436,-2.232308435,-2.10773631,-1.938135272
-2.335072059,-2.363507708,-2.320852831,-2.34402037,-2.279848812,-2.225560101
-2.170298127,-2.031390927,-2.052822417,-2.143548639,-2.140890361,-2.06125797
-1.968405456,-2.018348493,-1.883744129,-2.133646192,-2.035865588,-2.13112224
-1.886142438,-1.875500815,-1.753002451,-1.921256073,-1.784194386,-1.793963874
-1.644625692,-1.744070225,-1.847674226,-1.745591034,-1.707849725,-1.693498158
-1.503764971,-1.590584301,-1.451704431,-1.578296367,-1.461647664,-1.441227543
-1.311265653,-1.359322555,-1.286649746,-1.352049412,-1.296890674,-1.313552738
-1.36834338,-1.317454425,-1.318229385,-1.378973309,-1.249600665,-1.314116177
-1.084339746,-1.161278428,-1.075082246,-1.191218764,-1.133369512,-1.192077845
-1.009094995,-0.870846935,-0.979417744,-1.06577323,-0.955948842,-0.972993943
-0.959823559,-0.971652567,-0.907543407,-0.955776986,-0.846477344,-0.897743998
-0.778086438,-0.841876414,-0.778167634,-0.899633313,-0.760801861,-0.725913429
-0.644611468,-0.648293983,-0.590482127,-0.730801475,-0.65501688,-0.673333947
-0.605149223,-0.648132128,-0.601839229,-0.684970402,-0.575365747,-0.532202551
-0.533889355,-0.582016827,-0.558697604,-0.578701581,-0.411848643,-0.43886819
-0.607721308,-0.578775797,-0.592459724,-0.605797775,-0.647830153,-0.604225592
-0.979922513,-1.068080334,-1.006053338,-1.077670309,-1.04783643,-0.957170066
-0.95145242,-0.926933842,-0.931126693,-0.922185505,-0.914397849,-0.86344634
-0.875445151,-0.755298476,-0.803517992,-0.796580543,-0.831363,-0.634952848
-0.766245579,-0.757526922,-0.680541485,-0.76758886,-0.637571235,-0.61031994
-0.573271058,-0.56753057,-0.466471919,-0.617613923,-0.512201239,-0.51376914
-0.559065115,-0.543659983,-0.537249274,-0.620347724,-0.524342605,-0.407301386
-0.486091228,-0.463478936,-0.38420632,-0.520156107,-0.450428858,-0.398928892
-1.045772668,-1.117986023,-1.064609632,-1.172465812,-1.042146803,-1.004997525
-0.977836638,-1.018195254,-0.955262557,-0.970562161,-0.930203803,-0.879461161
-1.047337413,-0.965941128,-0.865028833,-1.02722372,-1.010691003,-0.969328559
-1.107588609,-1.178424525,-1.106286566,-1.168037125,-1.021502237,-1.136864846
-1.173070347,-1.116020702,-1.088517304,-1.194253909,-1.146714944,-1.238431548
-0.950416399,-0.930628847,-0.912937204,-1.023419897,-1.029625632,-0.917077027
-1.082215624,-1.039593626,-1.080823738,-1.087003928,-1.020738374,-1.083916778
-1.11740336,-1.040918028,-1.034107644,-1.12450499,-1.076014119,-0.975247945
-0.965213277,-1.015129154,-0.958143249,-0.978263954,-0.988018865,-0.840483805
-1.172276751,-1.153380024,-1.151112788,-1.237091095,-1.250581939,-1.119075767
-1.068605499,-1.026379004,-1.060977675,-1.123103738,-1.026997853,-0.988576409
-0.891824779,-0.910892147,-0.849497291,-0.991992363,-0.843763273,-0.818495871
-0.901050277,-0.791241774,-0.82607515,-0.979150794,-0.826972977,-0.787567298
-1.136522891,-1.253835941,-1.208756712,-1.168074877,-1.191540815,-1.186453074
-1.154514031,-1.112710586,-1.082223478,-1.110390097,-1.086760886,-1.01553453
-0.989840412,-1.033852384,-1.008452658,-1.075970629,-1.000556564,-1.041095022
-2.209774661,-2.253506271,-2.16867234,-2.296006976,-2.087458885,-2.075823634
-2.154468788,-2.281116368,-2.152752434,-2.240017358,-2.116907396,-2.182009485
-1.862030452,-1.720059359,-1.78062116,-1.919585029,-1.905121678,-1.744346927
-2.102293301,-2.093537585,-2.019932389,-2.073893769,-2.05328559,-2.058208405
-3.47359681,-3.519216935,-3.35784078,-3.599094187,-3.407207346,-3.469481121
-3.220820171,-3.191135618,-3.120747897,-3.285226,-3.087865177,-3.066891177
-2.849026637,-2.849378532,-2.847501517,-2.924387126,-2.844716589,-2.825602281
-2.684793222,-2.571000183,-2.581859586,-2.765700242,-2.515349169,-2.457993934
-2.471401027,-2.495592795,-2.515058694,-2.664620818,-2.593143222,-2.362467983
-2.306807263,-2.24388874,-2.24878788,-2.348213152,-2.126465991,-2.269223782
-2.025719059,-2.044227995,-2.012871415,-2.119856242,-1.955354337,-1.899192307
-1.969582709,-1.927229082,-1.764231773,-1.985010329,-1.819106685,-1.809928711
-1.825281137,-1.765750795,-1.787425595,-1.777234557,-1.730474374,-1.725309399
-1.603342917,-1.574935747,-1.546043595,-1.577058483,-1.562128659,-1.526432164
-1.881936629,-1.851663604,-1.797100724,-2.066789919,-1.810360063,-1.794516473
-1.623166608,-1.653462087,-1.571853433,-1.682087873,-1.551416629,-1.571786227
-1.555939139,-1.487955214,-1.498829992,-1.485995209,-1.485949937,-1.505514436
-1.281633857,-1.251680813,-1.239701822,-1.323840111,-1.271793098,-1.225138891
-1.113880358,-1.033628905,-1.118797511,-1.192092547,-1.156283986,-1.166989597
-1.041032013,-0.979278532,-0.959265253,-1.091655986,-0.914683322,-0.924118353
-0.769814951,-0.859044198,-0.790925326,-0.894242247,-0.770749678,-0.754388117
-1.167057781,-1.199828779,-1.151313196,-1.364395347,-1.202209726,-1.271731083
-0.968982914,-1.02989012,-0.947670125,-1.072075674,-0.927632381,-0.90659599
-0.83511072,-0.838441633,-0.777315925,-0.926204976,-0.811154209,-0.870073669
-0.699231097,-0.708285564,-0.698693855,-0.729810356,-0.715610883,-0.709704699
-1.059349418,-1.123261426,-1.068243886,-1.149297806,-1.04926808,-0.98174071
-0.926283439,-0.849751966,-0.89901359,-1.064025376,-0.876051838,-0.870295613
-0.914624678,-0.896551091,-0.842524931,-0.894479032,-0.837505841,-0.952125824
-0.998571671,-1.013856101,-0.947941256,-0.946708942,-0.935591836,-0.926928746
-0.932108154,-0.98779887,-0.815372818,-0.821677241,-0.833082339,-0.72854631
-0.802273977,-0.783159275,-0.71303045,-0.862936325,-0.846864041,-0.796748109
-0.838940272,-0.744745256,-0.793959135,-0.886842959,-0.773750415,-0.785062331
-0.867985244,-0.804556911,-0.827911945,-0.946546156,-0.845287419,-0.850376015
-0.774035215,-0.722090228,-0.746146668,-0.778003991,-0.646336095,-0.752105084
-0.640891487,-0.704409772,-0.738769605,-0.708490047,-0.68879253,-0.688894927
-0.916844946,-0.848071615,-0.834093606,-0.854714523,-0.845315047,-0.76547892
-0.70313574,-0.818864258,-0.792095192,-0.846251461,-0.746822389,-0.768596152
-0.716037083,-0.759298214,-0.637470256,-0.835237845,-0.658062449,-0.667958959
-0.626461975,-0.600963724,-0.534564382,-0.642740112,-0.534847107,-0.581163799
-0.444984834,-0.479504264,-0.505149534,-0.557087734,-0.475917221,-0.52017571
-0.373637431,-0.446540526,-0.375704321,-0.509242472,-0.412877925,-0.33227733
-0.273839805,-0.308829138,-0.274452519,-0.401115903,-0.287761429,-0.203991424
-0.362188241,-0.420204205,-0.333346034,-0.435305732,-0.401705614,-0.345095442
-0.364733247,-0.410240747,-0.337913228,-0.396096207,-0.297669068,-0.31144812
-0.198896321,-0.225308805,-0.259648318,-0.25481824,-0.320510134,-0.250787132
-0.253386946,-0.202322264,-0.131056558,-0.26361893,-0.22510504,-0.20133986
-0.20913623,-0.196815524,-0.14674748,-0.241655123,-0.175879611,-0.078084928
-0.467298658,-0.494146324,-0.322226838,-0.484267529,-0.4875328,-0.440209375
-0.346470694,-0.245267382,-0.324527732,-0.309008443,-0.315257642,-0.288917862
-0.271632997,-0.275110458,-0.248810258,-0.311199598,-0.251325488,-0.235514892
-0.234054968,-0.063112504,-0.193327806,-0.218475223,-0.124946699,-0.06912828
-0.267690873,-0.247181546,-0.210978016,-0.369360546,-0.244991217,-0.148013689
-0.235138136,-0.144464687,-0.130248866,-0.284527147,-0.202217786,-0.152718859
-0.171008185,-0.042928991,-0.118460753,-0.097080843,-0.076101323,-0.039558578
-0.044196324,-0.05064567,0.029783006,-0.156125689,-0.044572806,0.004083738
-0.04000862,-0.046042382,-0.036603864,-0.105052922,-0.052977116,-0.019090279
-0.197579348,-0.116626548,-0.138201067,-0.163377149,-0.129138297,-0.054279593
-0.178019796,-0.115249491,0.002536266,-0.128063833,-0.017421805,-0.033700689
-0.023982053,-0.03377197,-0.026573561,-0.090520074,-0.053234833,-0.001324937
-0.013629475,-0.019635765,0.000118472,-0.070040363,0.0044405,0.055023146
-0.274936438,-0.353457498,-0.295969502,-0.328875401,-0.301075223,-0.205754094
-0.220677864,-0.209802918,-0.209729312,-0.198764099,-0.223032788,-0.166286285
-0.233383906,-0.230911717,-0.221003759,-0.290403354,-0.224839929,-0.170865614
-0.268428577,-0.278906228,-0.191327562,-0.326579724,-0.203947501,-0.189381385
-0.643301432,-0.719433201,-0.60891432,-0.748099651,-0.690015311,-0.697915045
-0.67037727,-0.639778864,-0.510934413,-0.604821326,-0.621353779,-0.563142027
-0.567244149,-0.567855373,-0.577329728,-0.698308675,-0.636761012,-0.56460352
-0.540368061,-0.485158188,-0.431877396,-0.612815113,-0.436044231,-0.467274405
-0.457902186,-0.543225385,-0.470207083,-0.569877412,-0.496247454,-0.466404328
-0.504411156,-0.502338588,-0.448823627,-0.559463591,-0.451608207,-0.393534273
-0.425924109,-0.387072234,-0.398591052,-0.380651987,-0.430451475,-0.336884869
-1.03148568,-1.038737737,-1.08716076,-1.211234748,-1.041082316,-1.021790979
-1.309931258,-1.396645622,-1.338339222,-1.272589614,-1.375117502,-1.370636278
-1.19979159,-1.291588764,-1.194960184,-1.319155661,-1.277889089,-1.196457544
-1.197611478,-1.185174395,-1.140658705,-1.140346475,-1.017021953,-1.063842371
-1.083383102,-1.012083907,-0.960463136,-1.117339823,-1.045510769,-0.901918748
-0.890491696,-0.910530244,-0.953028306,-0.985730977,-0.864017149,-0.764431463
-0.813160399,-0.941417061,-0.886269073,-0.99123088,-0.913187997,-0.785781788
-0.645296596,-0.755496163,-0.679011237,-0.672214443,-0.706845158,-0.673680344
-0.607617728,-0.621314699,-0.516390707,-0.660208774,-0.675004059,-0.632125643
-0.447829425,-0.47678106,-0.54792345,-0.624641054,-0.510199326,-0.512715218
-1.851351697,-1.896039501,-1.99987969,-1.98851823,-1.972510555,-1.967677584
-1.733177426,-1.661469752,-1.652353973,-1.660759971,-1.745696172,-1.684965023
-1.585430481,-1.479224609,-1.484577731,-1.595161067,-1.457384428,-1.458526444
-1.641454443,-1.625458799,-1.476336317,-1.673977681,-1.676684486,-1.500717226
-1.3922514,-1.467369145,-1.352627434,-1.381545808,-1.425017572,-1.279735713
-1.147647585,-1.390343835,-1.194912412,-1.444579635,-1.228380666,-1.268401688
-1.248364797,-1.273399151,-1.246036223,-1.30810642,-1.296205509,-1.304991288
-1.172597019,-1.158435991,-1.259768892,-1.25928074,-1.13731215,-1.149266529
-0.996159231,-0.997948679,-1.041331795,-1.085033116,-0.985754078,-1.011820268
-1.118009972,-1.024624934,-1.142047334,-1.196220937,-1.10170703,-1.133150598
-0.917053706,-0.955838263,-0.988911221,-1.006719306,-1.037108671,-1.042289641
-0.873230656,-0.881684935,-0.882357179,-0.998047476,-0.865967497,-0.792934062
-0.898611447,-0.926375507,-0.904274088,-0.999445299,-0.954247812,-0.927284531
-0.833154042,-0.877325893,-0.900398499,-0.982313057,-0.87057151,-0.771419474
-0.752202304,-0.794810817,-0.703302134,-0.76562512,-0.678855388,-0.683184719
-0.67728114,-0.696335967,-0.628905426,-0.633920383,-0.53477778,-0.627955071
-0.491078051,-0.52210615,-0.500858419,-0.652086409,-0.508575985,-0.52149063
-0.427234209,-0.449620337,-0.46857204,-0.517575735,-0.496427134,-0.382852554
-0.385725463,-0.398284433,-0.358930599,-0.383737391,-0.30442801,-0.352231034
-0.356316295,-0.18838973,-0.242260851,-0.281295362,-0.236408482,-0.183600319
-0.175866266,-0.24817858,-0.221563783,-0.22094615,-0.166520133,-0.188506968
-0.118648384,-0.202913171,-0.103241909,-0.230390819,-0.201305169,-0.062019691
-0.094501387,-0.087026854,-0.117892689,-0.175032841,-0.066177131,-0.109150384
-0.287716465,-0.143283739,-0.192614809,-0.220332286,-0.111466908,-0.173678181
-0.190633232,-0.126932215,-0.138915244,-0.211551524,-0.113358892,-0.151191595
-0.208706508,-0.130240635,-0.172064428,-0.182305447,-0.152845971,-0.138556322
-0.092837334,-0.145147978,-0.100517907,-0.239562077,-0.149495833,-0.098381388
-0.378689831,-0.393422952,-0.41087668,-0.437667573,-0.454137548,-0.346799389
-0.484012744,-0.496081153,-0.462184678,-0.500716123,-0.467508708,-0.443529878
-0.337071399,-0.429652581,-0.292683036,-0.460336306,-0.380193654,-0.347946672
-0.430301658,-0.492947429,-0.421037782,-0.525566978,-0.480607947,-0.473688661
-0.699021359,-0.655406447,-0.743635405,-0.815013406,-0.599744096,-0.624503549
-0.684420042,-0.752621441,-0.659994222,-0.788968678,-0.716381767,-0.662946424
-0.652676137,-0.591447519,-0.614129186,-0.680148364,-0.650910021,-0.523570916
-0.600678982,-0.664453873,-0.575099127,-0.663634659,-0.573864027,-0.666347989
-0.488909179,-0.543357233,-0.582382625,-0.590242112,-0.515007576,-0.521869148
-0.82109084,-0.865600089,-0.841385767,-0.842717377,-0.815211539,-0.869050049
-0.720247357,-0.822234358,-0.671073459,-0.686647222,-0.667686091,-0.698587943
-0.832716509,-0.896247771,-0.843974369,-0.97213877,-0.913352775,-0.898186688
-2.043694511,-1.986709413,-2.036301689,-2.156044726,-2.088402317,-2.090359134
-2.047359813,-1.924557855,-1.972767179,-1.980942968,-1.999780241,-1.879738395
-1.767917117,-1.851028935,-1.798504502,-1.898704037,-1.787061282,-1.676999261
-1.496903741,-1.595688118,-1.536367564,-1.568056099,-1.614393974,-1.542794986
-2.122806534,-2.095419133,-2.036244969,-2.174004224,-2.081927008,-2.101470758
-1.803515925,-1.867551857,-1.791219485,-1.772689951,-1.787986365,-1.816519379
-1.764486778,-1.719862486,-1.763828191,-1.826784635,-1.851340402,-1.720566142
-1.601910341,-1.71134917,-1.611580175,-1.702218299,-1.675121123,-1.680415654
-2.175309919,-2.055414681,-2.071109322,-2.140070931,-1.996149961,-2.013488809
-2.661126483,-2.603166791,-2.499009376,-2.658799566,-2.495018181,-2.413707336
-3.196159547,-3.226600099,-3.137850759,-3.469720517,-3.246018929,-3.238620707
-3.709553248,-3.577458098,-3.756845255,-3.868699942,-3.60341499,-3.789052949
-3.556456367,-3.671308574,-3.662895081,-3.870016886,-3.718734474,-3.725479402
-3.30704602,-3.283679693,-3.205035312,-3.339613744,-3.260216869,-3.224829064
-3.094226192,-3.038872902,-2.96835104,-3.242627028,-3.098242631,-2.924052763
-2.738752103,-2.74177317,-2.667408635,-2.837014996,-2.755132413,-2.70641465
-2.811414674,-2.710570555,-2.639484256,-2.770979544,-2.629397758,-2.670704628
-2.71864953,-2.778392865,-2.753889237,-2.93931594,-2.725734741,-2.700793627
-3.52553269,-3.451242006,-3.468095904,-3.63968229,-3.477125492,-3.325054329
-3.480007525,-3.395416699,-3.253654468,-3.570756433,-3.413671976,-3.320750837
-3.264604357,-3.313429602,-3.269352208,-3.472631613,-3.270868491,-3.2309777
-3.049422332,-3.176622872,-3.206856365,-3.190737277,-3.225052902,-3.135774425
-2.922425486,-2.831259315,-2.904084015,-2.880679558,-2.922906405,-2.677285807
-3.032454618,-2.892754664,-2.809711867,-3.045244391,-2.810274173,-2.74703561
-2.74777391,-2.675863106,-2.703854699,-2.83243769,-2.727456396,-2.715803047
-2.379100524,-2.469138712,-2.31070133,-2.57257809,-2.376635417,-2.482004485
-2.594165164,-2.55462903,-2.504392925,-2.461516813,-2.433896968,-2.372536318
-2.624561279,-2.596826033,-2.51456789,-2.612238087,-2.496983161,-2.471439521
-2.074926694,-2.156061657,-2.134135567,-2.068059108,-2.006125106,-2.173168671
-1.865336387,-1.986576896,-1.78968225,-1.920848781,-1.868900971,-1.865916195
-1.535428405,-1.764529644,-1.658106373,-1.785121931,-1.537585046,-1.635684535
-1.529361251,-1.417410364,-1.554091841,-1.518545265,-1.433575024,-1.379720099
-1.366694382,-1.275732671,-1.341106799,-1.486847603,-1.296805406,-1.216349197
-1.096174636,-1.144416666,-1.146884042,-1.176202368,-1.154112027,-1.11163315
-1.033612464,-1.028511149,-1.02058861,-0.97907004,-1.071156514,-0.918641935
-0.821494527,-0.833083759,-0.880649354,-0.8752086,-0.84728454,-0.80408192
-0.629699036,-0.673963286,-0.817269279,-0.760503457,-0.759116104,-0.64311088
-0.630534821,-0.66262632,-0.65284984,-0.659232007,-0.642280074,-0.61831895
-0.626643416,-0.669417568,-0.715024146,-0.744486341,-0.590723336,-0.568917545
-0.640332403,-0.652040812,-0.646057013,-0.69302871,-0.623795284,-0.538960053
-0.586173197,-0.493351674,-0.533561733,-0.593064167,-0.514217216,-0.525397464
-0.472352062,-0.447134648,-0.471930013,-0.5068117,-0.483802753,-0.355868291
-0.476803062,-0.485849664,-0.570979256,-0.585246282,-0.516421014,-0.459475824
-0.474105106,-0.463856146,-0.41799832,-0.363291973,-0.418106627,-0.2910827
-0.468583787,-0.420691609,-0.391736677,-0.483876264,-0.408408477,-0.399546593
-0.381503835,-0.381878792,-0.368277151,-0.489185779,-0.392097052,-0.364324031
-0.867952354,-0.853639968,-0.840774088,-1.002958204,-0.924335646,-0.902371769
-0.784612307,-0.78928003,-0.756989639,-0.795433733,-0.838325653,-0.720277091
-0.674304478,-0.691415638,-0.641885531,-0.797639482,-0.636809452,-0.670688503
-0.609337333,-0.568600917,-0.534693212,-0.650491453,-0.572808031,-0.524947638
-0.599027927,-0.531362208,-0.391498889,-0.593221191,-0.434166561,-0.510548237
-0.759628986,-0.744702519,-0.674340651,-0.671199292,-0.722284097,-0.661970827
-0.523237283,-0.630088618,-0.577675338,-0.692311141,-0.54537003,-0.602702374
-1.682566485,-1.682843025,-1.63646947,-1.80083464,-1.643996327,-1.678046793
-1.466650991,-1.386922473,-1.406139704,-1.572280877,-1.399903563,-1.39464569
-2.01747096,-1.930189527,-1.849635649,-1.991576315,-1.943325344,-1.887776354
-1.929731259,-1.938799498,-1.867958117,-2.058840561,-1.92674437,-1.871133886
-2.273835104,-2.326059866,-2.332496614,-2.433054704,-2.411126684,-2.220456403
-2.761182952,-2.877635533,-2.825659842,-3.059566214,-2.847480106,-2.865856188
-3.946417643,-4.070759151,-3.851550141,-3.961465333,-3.76793085,-3.639530454
-3.537227935,-3.623819433,-3.656857848,-3.572901102,-3.60346027,-3.487664571
-3.206785559,-3.212970411,-3.124331626,-3.269387376,-3.172698231,-3.155038225
-2.812153741,-2.856626003,-2.78173358,-2.863430136,-2.907123317,-2.884794649
-2.50503145,-2.520348491,-2.48430233,-2.473408567,-2.373230759,-2.421029545
-2.214730275,-2.301880869,-2.201282748,-2.417485374,-2.244114715,-2.258323815
-2.008999442,-2.125293028,-2.09594702,-2.073759754,-2.047955864,-2.077028944
-1.944756688,-1.974551001,-1.859572088,-2.06713589,-1.875839443,-1.846144066
-2.104256091,-2.079731301,-2.10226658,-2.197609878,-2.008849129,-2.098725519
-1.870064824,-1.807459537,-1.737547398,-1.821060311,-1.723714101,-1.707123649
-2.571826887,-2.630285033,-2.560635784,-2.830212763,-2.658500083,-2.447079277
-2.620831441,-2.565129899,-2.492983529,-2.625336502,-2.564666787,-2.506788291
-2.527007151,-2.523958803,-2.376489008,-2.682135656,-2.467834694,-2.571229482
-3.26506424,-3.015693406,-3.02011098,-3.126974935,-3.113450492,-3.16752648
-2.981571341,-3.104104277,-2.971797467,-3.115719408,-2.99471184,-3.05397591
-2.965620634,-2.915772877,-2.79269488,-2.939890054,-2.79540933,-2.801569152
-2.458576555,-2.609185604,-2.364618072,-2.678816959,-2.482064491,-2.419594215
-2.291176028,-2.215744644,-2.148253557,-2.450271161,-2.295190796,-2.144884729
-2.488310657,-2.458056946,-2.415456197,-2.521563036,-2.70377076,-2.412559332
-2.569668552,-2.498737238,-2.404549217,-2.46290124,-2.583678166,-2.331851615
-2.274734749,-2.340568487,-2.301292698,-2.369056501,-2.151782404,-2.243955409
-2.034643536,-1.946236515,-1.942099259,-2.142812542,-1.981362588,-1.951301711
-2.590373978,-2.543385509,-2.662250609,-2.685434105,-2.687157294,-2.494481361
-2.441247344,-2.255627208,-2.41429058,-2.392250663,-2.42801295,-2.340792403
-2.033492479,-2.148385582,-1.982650697,-2.251813561,-2.019261372,-2.00466567
-3.373553108,-3.430901486,-3.313984072,-3.492249487,-3.371798173,-3.268616177
-3.161471441,-3.187816579,-3.079235333,-3.4021202,-3.033154073,-3.084956425
-3.007007028,-3.086894333,-2.806460343,-2.911378893,-2.910661919,-2.827049508
-2.953939294,-3.026340287,-2.966445011,-2.953134326,-2.864323875,-2.770229754
-2.825309685,-2.892770551,-2.777239023,-2.772847352,-2.689135717,-2.654467276
-2.840485792,-2.842739077,-2.716048908,-2.88922358,-2.720091696,-2.779723056
-2.637397531,-2.583925628,-2.457949294,-2.651696464,-2.485378095,-2.460148381
-2.394202629,-2.486480815,-2.34658644,-2.492064504,-2.400926024,-2.387490301
-2.269264533,-2.392346508,-2.122714188,-2.415248369,-2.281281319,-2.102975416
-1.917462698,-1.939141879,-1.960802414,-2.003364631,-1.903096057,-1.82228964
-2.194838624,-2.213255286,-2.1474871,-2.357271513,-2.230067207,-2.323086213
-1.988673416,-2.008173257,-1.984531465,-1.912460175,-1.958379401,-1.979617162
-2.074573682,-2.022569479,-1.932548639,-2.165057866,-2.03608583,-1.968836472
-1.86314399,-2.048214974,-1.915676813,-1.983305784,-1.926192504,-1.776504561
-1.733992257,-1.628045887,-1.692000893,-1.603412062,-1.730793201,-1.570956334
-1.396749099,-1.443829896,-1.395229788,-1.406421795,-1.337260923,-1.388530089
-1.309325815,-1.265607784,-1.260939324,-1.233776549,-1.216334775,-1.128977254
-1.188804887,-1.140887529,-1.179162891,-1.107353436,-1.191280183,-1.166350967
-1.088235295,-0.94841622,-0.995827155,-0.96595661,-1.044166937,-0.968241194
-0.859069555,-0.839719718,-0.819946634,-0.964344527,-0.853829401,-0.793592164
-0.76775975,-0.816045963,-0.68063398,-0.758538778,-0.708515342,-0.680592112
-1.249572447,-1.261201809,-1.268170583,-1.3817184,-1.282811899,-1.227101836
-0.732556312,-0.739922839,-0.633930584,-0.673807025,-0.694588669,-0.71105016
-0.928130572,-0.870935502,-0.727890187,-0.915705723,-0.836001887,-0.747849703
-0.95726871,-1.017530812,-0.898658746,-0.993892261,-0.908449998,-0.904939756
-0.90057392,-0.965435843,-0.798014397,-0.924961089,-0.84855385,-0.79593219
-0.667574347,-0.719789372,-0.633410025,-0.760897614,-0.695417537,-0.614856226
-1.558798554,-1.492663919,-1.57992503,-1.619811667,-1.537030298,-1.45368369
-1.304060751,-1.312663769,-1.23970828,-1.322031114,-1.242976191,-1.247227606
-2.565448658,-2.701533989,-2.501931777,-2.643411877,-2.554793168,-2.512606457
-2.238100057,-2.313565125,-2.317423408,-2.299643292,-2.283985322,-2.354107337
-2.246491593,-2.085252519,-2.200872188,-2.245086493,-2.118125459,-2.067802206
-2.065097068,-2.025198283,-2.093203072,-2.165410585,-2.006827175,-1.869319252
-2.258320007,-2.10409511,-2.235745737,-2.316911103,-2.158153579,-2.153990176
-2.012274319,-1.997531585,-2.029535887,-2.113198659,-1.92669868,-1.876104029
-2.028922514,-2.062454797,-2.073098354,-2.061306614,-2.046563303,-2.07403636
-1.861861423,-1.815136386,-1.928378607,-1.949600563,-1.819190578,-1.912833702
-1.812407453,-1.756871466,-1.811864176,-1.89120127,-1.663866454,-1.711167418
-1.651495401,-1.630041811,-1.586881103,-1.674540279,-1.507476247,-1.531642335
-1.993185905,-1.865327913,-1.976502504,-1.962695423,-1.963596651,-1.86597918
-2.9897086,-2.922331043,-2.952646034,-3.034474612,-2.855783535,-2.808204657
-2.419896729,-2.608584229,-2.39859633,-2.574370566,-2.481680762,-2.371642815
-2.126710638,-2.21548357,-2.053211952,-2.153115386,-2.105278254,-2.135574163
-2.355823721,-2.321263505,-2.182648892,-2.362136734,-2.199336081,-2.353786296
-2.513604149,-2.414050428,-2.462746791,-2.489736685,-2.525103784,-2.535542888
-2.177205209,-2.28314221,-2.163078804,-2.109560726,-2.042872946,-2.113450762
-1.815024583,-1.847146836,-1.797859347,-1.904564904,-1.715358148,-1.715502416
-1.873469156,-1.791760851,-1.768651002,-1.805872503,-1.756678161,-1.74238306
-1.488726442,-1.602785674,-1.513938193,-1.696224976,-1.501066542,-1.469223967
-1.336671539,-1.43136466,-1.438057168,-1.424890975,-1.331671649,-1.345031275
-1.307319017,-1.261349423,-1.182014953,-1.331127177,-1.25609459,-1.228141813
-1.129987528,-1.1771377,-1.115571905,-1.313627336,-1.183571041,-1.127627749
-1.173826474,-1.198129595,-1.02967556,-1.101947061,-1.052706048,-1.136418131
-0.995696071,-1.014209266,-0.839300781,-0.950516888,-0.9105944,-0.740838295
-0.86053202,-0.875860985,-0.898766977,-0.891128893,-0.849558337,-0.867087792
-1.246478752,-1.290558976,-1.24623275,-1.218355088,-1.163250851,-1.249715643
-1.707428841,-1.79488867,-1.720151574,-1.752987932,-1.762843171,-1.639543804
-2.027316978,-1.979416667,-1.949780441,-1.975062738,-2.036873817,-1.946652515
-1.900557756,-1.725686035,-1.728238096,-1.845178409,-1.86110416,-1.76067918
-1.654868672,-1.589067082,-1.629301282,-1.748274721,-1.545855528,-1.514525283
-1.432233474,-1.388415544,-1.375313222,-1.504979326,-1.411316283,-1.360345738
-1.648734836,-1.640730888,-1.548611481,-1.752712846,-1.635261717,-1.380713254
-1.474508566,-1.439275823,-1.440391417,-1.66944289,-1.548920018,-1.405642614
-1.337137633,-1.334792959,-1.22803979,-1.309825349,-1.224668697,-1.238819719
-1.365632455,-1.250740445,-1.176643201,-1.335453297,-1.248163009,-1.243687297
-2.154464382,-2.156447351,-2.104748727,-2.222924478,-2.066133682,-2.052679853
-2.402586496,-2.322997736,-2.358305627,-2.407515167,-2.226134259,-2.359947564
-2.138700634,-2.161953709,-2.064123779,-2.115842155,-2.045987395,-2.06952385
-2.928348995,-2.931147139,-2.829962037,-3.056168733,-3.002661275,-2.878295664
-2.562746103,-2.571157296,-2.436049003,-2.624017283,-2.526941325,-2.412120292
-2.216935936,-2.13067862,-1.99303951,-2.250479234,-2.127965919,-2.143924408
-2.571998902,-2.310676198,-2.394657474,-2.495480247,-2.38472445,-2.405407819
-2.176882156,-2.25911374,-2.171473411,-2.318407549,-2.31740183,-2.325890665
-1.916295078,-1.977441057,-2.00834782,-2.118268387,-1.946576516,-2.028338357
-1.728862813,-1.646939379,-1.65614888,-1.622913488,-1.687829075,-1.495658993
-2.134461355,-2.031739156,-2.188784566,-2.120609893,-2.025247072,-2.001892321
-1.853401202,-1.861610501,-1.724724228,-1.955597777,-1.828559993,-1.841557608
-1.617761149,-1.670045632,-1.592662953,-1.673644902,-1.771643325,-1.589940727
-1.399569555,-1.48854395,-1.271778775,-1.57244138,-1.42754515,-1.279758758
-1.213904553,-1.179601731,-1.269452936,-1.255815659,-1.15766464,-1.124016612
-1.01322163,-1.065810433,-1.132023873,-1.109772984,-1.091918231,-1.094324328
-0.971668385,-0.986832667,-0.995303323,-0.997958671,-0.93251774,-0.944002089
-1.560682583,-1.480762299,-1.572429576,-1.686525982,-1.577214615,-1.520507382
-2.06506431,-2.056592637,-2.006767803,-2.059565132,-1.952864893,-1.847348638
-1.869612561,-1.670722096,-1.779478791,-1.937516872,-1.768341096,-1.643857929
-1.777010566,-1.817967093,-1.703642551,-1.832769529,-1.829279932,-1.797590601
-1.604432291,-1.519776073,-1.55756287,-1.635462316,-1.510900359,-1.505983775
-1.38967638,-1.348584012,-1.31420872,-1.408420511,-1.369606637,-1.247816527
-1.148792728,-1.081841508,-1.105904004,-1.176621524,-1.100992908,-1.035626214
-1.328353873,-1.293056195,-1.266393333,-1.455976564,-1.353924201,-1.288323003
-1.231592973,-1.111721743,-1.154816252,-1.211367895,-1.109329908,-1.017297692
-1.431454367,-1.446539025,-1.39759177,-1.449348943,-1.387122614,-1.450303063
-1.234943019,-1.203649629,-1.165385365,-1.208402756,-1.145444332,-1.126705206
-1.639955034,-1.673625099,-1.557853357,-1.764474176,-1.591430424,-1.549180316
-1.503064362,-1.482364116,-1.410893331,-1.546883424,-1.439478164,-1.403001147
-1.488363766,-1.564257978,-1.549304296,-1.613492073,-1.568896699,-1.426917221
-1.438683264,-1.40790673,-1.421831067,-1.568495386,-1.434876689,-1.307411459
-1.292334319,-1.285257524,-1.206579534,-1.369535384,-1.266489869,-1.179370761
-1.086180849,-1.147144934,-1.076491168,-1.110267176,-1.099555499,-1.052652626
-1.579260176,-1.693541971,-1.575182065,-1.603937798,-1.681339948,-1.544881254
-1.506859695,-1.591063032,-1.518790038,-1.663074521,-1.571148716,-1.483944152
-1.5140698,-1.343907952,-1.473219477,-1.465089725,-1.358341892,-1.353693168
-1.295230678,-1.250432867,-1.197975553,-1.303110606,-1.276133394,-1.253894344
-1.391666283,-1.370598539,-1.292558763,-1.440300828,-1.247891073,-1.196265696
-1.211913531,-1.214533509,-1.119340312,-1.22529244,-1.1323263,-1.031368006
-1.16275622,-1.16921467,-1.162957881,-1.071292757,-1.133904783,-0.989035989
-3.128672037,-3.100388021,-3.267246378,-3.354859109,-3.073257302,-3.070212275
-2.618791287,-2.561955944,-2.654651781,-2.743786887,-2.648760526,-2.436346817
-2.509876624,-2.314672278,-2.34108716,-2.506815693,-2.410743675,-2.426874739
-2.122865728,-2.082541261,-2.016455427,-2.2223267,-2.089944662,-1.974479902
-1.952179939,-1.916053398,-1.853046886,-1.85080071,-1.868397284,-1.918062342
-1.739110204,-1.681267087,-1.603776241,-1.749024897,-1.614212027,-1.578764322
-2.559464495,-2.632595527,-2.648091981,-2.798176766,-2.593969594,-2.567068702
-2.191791171,-2.121662681,-2.22643212,-2.259197675,-2.280306191,-2.161516242
-2.524386073,-2.500481538,-2.67925652,-2.64976242,-2.588503703,-2.513973449
-3.028890356,-2.855087305,-2.902900124,-3.075136006,-2.893295468,-2.939859758
-2.733817484,-2.732525717,-2.668051555,-2.828703063,-2.6026446,-2.645930886
-2.283878928,-2.281578379,-2.396030753,-2.486053349,-2.354807309,-2.31598563
-2.496312471,-2.488884958,-2.524202915,-2.667817899,-2.589345242,-2.455909691
-2.664407797,-2.724235348,-2.597904885,-2.695955049,-2.646658871,-2.706529419
-2.420782134,-2.355399667,-2.268790654,-2.45812594,-2.435227295,-2.368825228
-2.095045901,-2.156932517,-2.115120582,-2.223028835,-2.161352744,-2.116143793
-2.293167166,-2.175224778,-2.177529297,-2.318339491,-2.229890939,-2.253121036
-2.124800303,-2.141920874,-2.09621491,-2.203955169,-2.007222968,-2.04690961
-2.299997845,-2.250807102,-2.276972098,-2.353616546,-2.290211482,-2.274768901
-2.203273686,-2.278698854,-2.139990355,-2.317213114,-2.17488998,-2.183239908
-2.28793072,-2.210416248,-2.283587753,-2.235204864,-2.294493429,-2.199639654
-2.127781018,-2.148573594,-2.104542603,-2.300886134,-2.075317853,-2.041757741
-1.830771887,-1.906513536,-1.821452729,-1.970520233,-1.82871115,-1.824979798
-1.729395248,-1.611529035,-1.715355515,-1.743337844,-1.616812479,-1.547385408
-1.442842542,-1.455570244,-1.479345524,-1.564990902,-1.452798803,-1.312026241
-1.338389543,-1.335064205,-1.284009979,-1.281688779,-1.36004381,-1.297450738
-1.303755779,-1.270270014,-1.173584494,-1.177733247,-1.21531215,-1.11926652
-1.962003343,-1.974182567,-1.929419887,-1.998860856,-1.959185163,-1.887275207
-1.810420529,-1.721025365,-1.622718778,-1.751834223,-1.738621525,-1.620770095
-2.026758713,-1.995655068,-1.917509945,-2.068613651,-1.975116874,-1.947391155
-2.434272795,-2.432549558,-2.427824811,-2.490903891,-2.383294611,-2.351031327
-2.102323127,-2.092779485,-1.962714688,-2.193722346,-2.00599599,-1.978007125
-1.828111708,-1.867966224,-1.753260345,-1.770857009,-1.72735828,-1.863110449
-1.586424609,-1.594246673,-1.506816967,-1.703359775,-1.606209751,-1.511451182
-1.664279504,-1.464286838,-1.431978934,-1.564257645,-1.545825005,-1.566821775
-1.385333564,-1.497001242,-1.471993928,-1.365908011,-1.343040849,-1.264173487
-1.715861997,-1.51903792,-1.501331525,-1.589683759,-1.543825566,-1.408938301
-3.653041281,-3.769311077,-3.565082208,-3.855342887,-3.732128013,-3.706504681
-6.967010093,-6.996660036,-6.757837744,-6.804865533,-6.930385147,-6.876725807
-8.7599816,-8.601346567,-8.446263763,-8.806385671,-8.558908704,-8.680362557
-7.344338295,-7.449473698,-7.288280645,-7.561078959,-7.619411433,-6.976750305
-9.303969764,-9.634903836,-9.541734878,-9.591540761,-9.244768015,-9.085018311
-9.512571605,-9.646472574,-9.650046959,-9.792454443,-9.608650897,-9.301446069
-8.539574726,-8.493101896,-8.865793603,-8.758587577,-8.699478199,-8.293158981
-8.066383671,-7.82436247,-7.686077038,-8.173035043,-7.742473441,-7.604881116
-8.468600073,-8.520013681,-8.37518358,-8.584321854,-8.531682611,-8.271059777
-8.086223309,-8.066607481,-7.903959453,-8.362401046,-7.963397157,-7.884400957
-7.430390758,-7.166002333,-7.330858599,-7.357312129,-7.481709409,-7.083009257
-6.807994013,-6.938775564,-6.724133008,-6.830290339,-6.706936103,-6.538658767
-7.088655952,-6.989777165,-7.033879571,-7.125091046,-6.894781142,-6.994977372
-6.998455196,-6.672765553,-6.603778998,-7.031364298,-6.615797662,-6.730801154
-5.856469004,-6.044010882,-5.707030994,-5.939201552,-5.769275878,-5.830936281
-5.249623508,-5.255453424,-5.134000887,-5.234001361,-5.268114553,-5.080918067
-4.632415057,-4.550996916,-4.539146011,-4.576943198,-4.598694711,-4.509023268
-4.273695336,-4.187951079,-4.157531245,-4.386451034,-4.28072465,-4.039313707
-3.901427564,-3.712216051,-3.722135429,-3.889930145,-3.872297063,-3.739723441
-3.291138906,-3.274815728,-3.21281514,-3.270749975,-3.312395333,-3.166337804
-3.719769687,-3.663483199,-3.480641823,-3.655702426,-3.525229837,-3.606442656
-2.94272741,-3.02709768,-3.002368444,-3.051611695,-2.978717757,-2.803779707
-3.297572233,-3.295180994,-3.222365725,-3.390373644,-3.42110039,-3.246942783
-2.872267142,-2.65617251,-2.563563598,-2.875961585,-2.593459127,-2.690107843
-2.428510612,-2.159024003,-2.438344969,-2.400439672,-2.295261351,-2.216106829
-2.070832438,-2.223846762,-2.101714184,-2.104302202,-2.122990022,-2.117926541
-4.212415709,-4.371746076,-4.25925013,-4.324334574,-4.237982134,-4.18846448
-3.65860263,-3.847232707,-3.80798991,-3.618160631,-3.50921074,-3.563433905
-4.184459585,-4.251407378,-4.148371408,-4.405207497,-4.223001834,-4.082279549
-3.636191272,-3.741897725,-3.674319644,-3.748736894,-3.640114458,-3.704759339
-3.86588699,-3.947259116,-3.843530959,-4.059022737,-3.843405992,-3.92586248
-4.038424641,-4.216601622,-4.123359863,-4.350344395,-4.036145135,-4.185927672
-3.693851697,-3.775966126,-3.698821502,-3.667237664,-3.697653756,-3.570575539
-3.283666096,-3.406808647,-3.335224041,-3.342655848,-3.243489959,-3.131627826
-2.97721081,-2.93662728,-2.886938836,-3.135106814,-3.096933208,-2.941171461
-2.601781839,-2.697242051,-2.647849384,-2.846906262,-2.509828305,-2.646539025
-2.265217606,-2.253912951,-2.222733373,-2.244782227,-2.182913224,-2.248706115
